{
  "project_info": {
    "project_number": "824672491320",
    "firebase_url": "https://fitness-6d387-default-rtdb.asia-southeast1.firebasedatabase.app",
    "project_id": "fitness-6d387",
    "storage_bucket": "fitness-6d387.appspot.com"
  },
  "client": [
    {
      "client_info": {
        "mobilesdk_app_id": "1:824672491320:android:ea7e8006666a2d30cdd3cd",
        "android_client_info": {
          "package_name": "com.example.fitness"
        }
      },
      "oauth_client": [
        {
          "client_id": "824672491320-0l1ge2296ce2vrg8pot08pls4r5am963.apps.googleusercontent.com",
          "client_type": 3
        }
      ],
      "api_key": [
        {
          "current_key": "AIzaSyBmqWAPtgO_3faCgeFvqQzgBVKEHwmNsc0"
        }
      ],
      "services": {
        "appinvite_service": {
          "other_platform_oauth_client": [
            {
              "client_id": "824672491320-0l1ge2296ce2vrg8pot08pls4r5am963.apps.googleusercontent.com",
              "client_type": 3
            }
          ]
        }
      }
    }
  ],
  "configuration_version": "1"
}